<zuiprezi>
  <version>1</version>
  <zui-table>
    <settings>
      <autoplay>
        <delay>4000</delay>
      </autoplay>
      <bounds x="-448509.7506740395" y="-352015.48620576796" width="1036128.9238675326" height="723690.4728496482"/>
    </settings>
    <object id="2" type="button" x="-26.15" y="10.55" r="0" s="862.1759033203125" class="circle">
      <type>circle</type>
      <size>
        <w>456.1</w>
        <h>456.1</h>
      </size>
    </object>
    <object id="89" type="button" x="69557.55" y="4220.1" r="0" s="2035.6168212890625" class="bracket">
      <type>bracket</type>
      <size>
        <w>509</w>
        <h>350</h>
      </size>
    </object>
    <object id="1" type="button" x="-38" y="-28.8" r="0" s="229.6858062744141" class="bracket">
      <type>bracket</type>
      <size>
        <w>346</w>
        <h>148</h>
      </size>
    </object>
    <object id="0" type="label" x="-77.4" y="-28.8" r="0" s="840.7415771484375" class="head">
      <textfield>
        <x>-37.95</x>
        <y>-15.75</y>
        <text><![CDATA[No Sql]]></text>
        <htmlText>
          <P ALIGN="LEFT">
            <FONT FACE="NanumGothicBold_Prezi" SIZE="24" COLOR="#E50032" LETTERSPACING="0" KERNING="0">No Sql</FONT>
          </P>
        </htmlText>
      </textfield>
    </object>
    <object id="3" type="label" x="-27443.75" y="8383.55" r="0" s="14.732955932617188" class="body">
      <textfield>
        <x>-70.8</x>
        <y>-15.75</y>
        <text><![CDATA[Not Only Sql]]></text>
        <htmlText>
          <P ALIGN="LEFT">
            <FONT FACE="NanumGothicBold_Prezi" SIZE="24" COLOR="#333333" LETTERSPACING="0" KERNING="0">Not Only Sql</FONT>
          </P>
        </htmlText>
      </textfield>
    </object>
    <object id="4" type="label" x="35717.1" y="98769.65" r="90.50440869883944" s="216.51553138692037" class="strong">
      <textfield>
        <x>-212.1</x>
        <y>-15.75</y>
        <text><![CDATA[Wide Column Store / Column Families]]></text>
        <htmlText>
          <P ALIGN="LEFT">
            <FONT FACE="NanumGothicBold_Prezi" SIZE="24" COLOR="#0039AD" LETTERSPACING="0" KERNING="0">Wide Column Store / Column Families</FONT>
          </P>
        </htmlText>
      </textfield>
    </object>
    <object id="6" type="label" x="96748.65" y="30825.15" r="40.08038544556293" s="216.5155349561989" class="strong">
      <textfield>
        <x>-92.35</x>
        <y>-15.75</y>
        <text><![CDATA[Document Store]]></text>
        <htmlText>
          <P ALIGN="LEFT">
            <FONT FACE="NanumGothicBold_Prezi" SIZE="24" COLOR="#0039AD" LETTERSPACING="0" KERNING="0">Document Store</FONT>
          </P>
        </htmlText>
      </textfield>
    </object>
    <object id="7" type="label" x="-73537.2" y="77157.8" r="130.51538459995288" s="216.19532162390337" class="strong">
      <textfield>
        <x>-130.25</x>
        <y>-15.75</y>
        <text><![CDATA[Key Value / Tuple Store]]></text>
        <htmlText>
          <P ALIGN="LEFT">
            <FONT FACE="NanumGothicBold_Prezi" SIZE="24" COLOR="#0039AD" LETTERSPACING="0" KERNING="0">Key Value / Tuple Store</FONT>
          </P>
        </htmlText>
      </textfield>
    </object>
    <object id="8" type="label" x="436.2" y="-96850.7" r="-90.2386532276548" s="215.874354963492" class="strong">
      <textfield>
        <x>-96.8</x>
        <y>-15.75</y>
        <text><![CDATA[Graph Databases]]></text>
        <htmlText>
          <P ALIGN="LEFT">
            <FONT FACE="NanumGothicBold_Prezi" SIZE="24" COLOR="#0039AD" LETTERSPACING="0" KERNING="0">Graph Databases</FONT>
          </P>
        </htmlText>
      </textfield>
    </object>
    <object id="46" type="button" x="-74527.85" y="-86224.8" r="-138.3815855481963" s="514.3020710789167" class="invisible">
      <type>invisible</type>
      <size>
        <w>176</w>
        <h>140</h>
      </size>
    </object>
    <object id="9" type="label" x="-80833.25" y="-60679.8" r="-138.354896245711" s="215.52422188812764" class="strong">
      <textfield>
        <x>-98.45</x>
        <y>-15.75</y>
        <text><![CDATA[Object Databases]]></text>
        <htmlText>
          <P ALIGN="LEFT">
            <FONT FACE="NanumGothicBold_Prezi" SIZE="24" COLOR="#0039AD" LETTERSPACING="0" KERNING="0">Object Databases</FONT>
          </P>
        </htmlText>
      </textfield>
    </object>
    <object id="10" type="label" x="-103403.25" y="11846.65" r="-179.64917060964746" s="215.8743471359811" class="strong">
      <textfield>
        <x>-87.3</x>
        <y>-15.75</y>
        <text><![CDATA[XML Databases]]></text>
        <htmlText>
          <P ALIGN="LEFT">
            <FONT FACE="NanumGothicBold_Prezi" SIZE="24" COLOR="#0039AD" LETTERSPACING="0" KERNING="0">XML Databases</FONT>
          </P>
        </htmlText>
      </textfield>
    </object>
    <object id="11" type="label" x="77156.1" y="-63521.7" r="-33.31171615233193" s="215.20792759853214" class="strong">
      <textfield>
        <x>-119.9</x>
        <y>-15.75</y>
        <text><![CDATA[Multivalue Databases]]></text>
        <htmlText>
          <P ALIGN="LEFT">
            <FONT FACE="NanumGothicBold_Prezi" SIZE="24" COLOR="#0039AD" LETTERSPACING="0" KERNING="0">Multivalue Databases</FONT>
          </P>
        </htmlText>
      </textfield>
    </object>
    <object id="12" type="label" x="21954.55" y="63311.25" r="90.5044087035176" s="140.20620832935154" class="body">
      <textfield>
        <x>-79.9</x>
        <y>-57.1</y>
        <text><![CDATA[HadoopCassandraHypertableSimpleDB]]></text>
        <htmlText>
          <P ALIGN="left">
            <LI>
              <FONT FACE="NanumGothicBold_Prezi" SIZE="24" COLOR="#333333" LETTERSPACING="0" KERNING="0">Hadoop</FONT>
            </LI>
          </P>
          <P ALIGN="left">
            <LI>
              <FONT FACE="NanumGothicBold_Prezi" SIZE="24" COLOR="#333333" LETTERSPACING="0" KERNING="0">Cassandra</FONT>
            </LI>
          </P>
          <P ALIGN="left">
            <LI>
              <FONT FACE="NanumGothicBold_Prezi" SIZE="24" COLOR="#333333" LETTERSPACING="0" KERNING="0">Hypertable</FONT>
            </LI>
          </P>
          <P ALIGN="left">
            <LI>
              <FONT FACE="NanumGothicBold_Prezi" SIZE="24" COLOR="#333333" LETTERSPACING="0" KERNING="0">SimpleDB</FONT>
            </LI>
          </P>
        </htmlText>
      </textfield>
    </object>
    <object id="14" type="image" x="3294" y="101063.45" r="90.50098031262137" s="59.85618518063208">
      <source w="488" h="113">
        Screenshot2011-04-08at2.30.50PM.png
        <url>Screenshot2011-04-08at2.30.50PM.png</url>
      </source>
    </object>
    <object id="22" type="label" x="87229.4" y="39634.65" r="40.080376713675896" s="140.20620247453974" class="body">
      <textfield>
        <x>-166</x>
        <y>-57.1</y>
        <text><![CDATA[CouchDBMongoDB				RavenDBLotus Notes]]></text>
        <htmlText>
          <P ALIGN="left">
            <LI>
              <FONT FACE="NanumGothicBold_Prezi" SIZE="24" COLOR="#333333" LETTERSPACING="0" KERNING="0">CouchDB</FONT>
            </LI>
          </P>
          <P ALIGN="left">
            <LI>
              <FONT FACE="NanumGothicBold_Prezi" SIZE="24" COLOR="#333333" LETTERSPACING="0" KERNING="0">MongoDB</FONT>
            </LI>
          </P>
          <P ALIGN="left">
            <LI>
              <FONT FACE="NanumGothicBold_Prezi" SIZE="24" COLOR="#333333" LETTERSPACING="0" KERNING="0">RavenDB</FONT>
            </LI>
          </P>
          <P ALIGN="left">
            <LI>
              <FONT FACE="NanumGothicBold_Prezi" SIZE="24" COLOR="#333333" LETTERSPACING="0" KERNING="0">Lotus Notes</FONT>
            </LI>
          </P>
        </htmlText>
      </textfield>
    </object>
    <object id="24" type="image" x="88628.8" y="57257.75" r="40.097977191760215" s="55.635054193687104">
      <source w="224" h="223">
        lotus.jpeg
        <url>lotus.jpeg</url>
      </source>
    </object>
    <object id="26" type="image" x="104529.05" y="85178.5" r="40.080384187779" s="88.8764746732273">
      <source w="225" h="225">
        couchdb.jpeg
        <url>couchdb.jpeg</url>
      </source>
    </object>
    <object id="28" type="image" x="-80838.5" y="-91759.35" r="-138.35489714361165" s="184.54309227201892">
      <source w="187" h="47">
        db4o.gif
        <url>db4o.gif</url>
      </source>
    </object>
    <object id="30" type="image" x="21954.55" y="117395.65" r="90.50097617847824" s="92.77008673437356">
      <source w="288" h="75">
        hypertable.jpg
        <url>hypertable.jpg</url>
      </source>
    </object>
    <object id="32" type="image" x="116519.95" y="62980.4" r="40.08038428203691" s="74.17839963674126">
      <source w="389" h="129">
        mongodb.jpeg
        <url>mongodb.jpeg</url>
      </source>
    </object>
    <object id="34" type="image" x="-53920.7" y="-91760.6" r="-138.35489802659825" s="92.46068825168648">
      <source w="300" h="80">
        objectivity.gif
        <url>objectivity.gif</url>
      </source>
    </object>
    <object id="36" type="image" x="-111119.65" y="71227.95" r="130.5153871482689" s="222.53661719961457">
      <source w="93" h="30">
        redis.png
        <url>redis.png</url>
      </source>
    </object>
    <object id="38" type="image" x="-14193.75" y="117395.7" r="90.50440868277104" s="116.21850051312644">
      <source w="319" h="81">
        Screenshot2011-04-08at2.32.25PM.png
        <url>Screenshot2011-04-08at2.32.25PM.png</url>
      </source>
    </object>
    <object id="39" type="label" x="-76759.6" y="57245.35" r="130.51538606094394" s="140.20620665394674" class="body">
      <textfield>
        <x>-131.8</x>
        <y>-57.1</y>
        <text><![CDATA[Azure Table StorageRedisBerkeleyDBMemcacheDB]]></text>
        <htmlText>
          <P ALIGN="left">
            <LI>
              <FONT FACE="NanumGothicBold_Prezi" SIZE="24" COLOR="#333333" LETTERSPACING="0" KERNING="0">Azure Table Storage</FONT>
            </LI>
          </P>
          <P ALIGN="left">
            <LI>
              <FONT FACE="NanumGothicBold_Prezi" SIZE="24" COLOR="#333333" LETTERSPACING="0" KERNING="0">Redis</FONT>
            </LI>
          </P>
          <P ALIGN="left">
            <LI>
              <FONT FACE="NanumGothicBold_Prezi" SIZE="24" COLOR="#333333" LETTERSPACING="0" KERNING="0">BerkeleyDB</FONT>
            </LI>
          </P>
          <P ALIGN="left">
            <LI>
              <FONT FACE="NanumGothicBold_Prezi" SIZE="24" COLOR="#333333" LETTERSPACING="0" KERNING="0">MemcacheDB</FONT>
            </LI>
          </P>
        </htmlText>
      </textfield>
    </object>
    <object id="40" type="label" x="-97168.6" y="-715.85" r="-179.64917067185618" s="140.2062111089664" class="body">
      <textfield>
        <x>-113.9</x>
        <y>-57.1</y>
        <text><![CDATA[eXistBerkeley DB XMLBaseXXindice]]></text>
        <htmlText>
          <P ALIGN="left">
            <LI>
              <FONT FACE="NanumGothicBold_Prezi" SIZE="24" COLOR="#333333" LETTERSPACING="0" KERNING="0">eXist</FONT>
            </LI>
          </P>
          <P ALIGN="left">
            <LI>
              <FONT FACE="NanumGothicBold_Prezi" SIZE="24" COLOR="#333333" LETTERSPACING="0" KERNING="0">Berkeley DB XML</FONT>
            </LI>
          </P>
          <P ALIGN="left">
            <LI>
              <FONT FACE="NanumGothicBold_Prezi" SIZE="24" COLOR="#333333" LETTERSPACING="0" KERNING="0">BaseX</FONT>
            </LI>
          </P>
          <P ALIGN="left">
            <LI>
              <FONT FACE="NanumGothicBold_Prezi" SIZE="24" COLOR="#333333" LETTERSPACING="0" KERNING="0">Xindice</FONT>
            </LI>
          </P>
        </htmlText>
      </textfield>
    </object>
    <object id="41" type="label" x="-62646.55" y="-61574.3" r="-138.35489988633063" s="139.9787980648244" class="body">
      <textfield>
        <x>-78.05</x>
        <y>-57.1</y>
        <text><![CDATA[db4oVersantObjectivityPerst]]></text>
        <htmlText>
          <P ALIGN="left">
            <LI>
              <FONT FACE="NanumGothicBold_Prezi" SIZE="24" COLOR="#333333" LETTERSPACING="0" KERNING="0">db4o</FONT>
            </LI>
          </P>
          <P ALIGN="left">
            <LI>
              <FONT FACE="NanumGothicBold_Prezi" SIZE="24" COLOR="#333333" LETTERSPACING="0" KERNING="0">Versant</FONT>
            </LI>
          </P>
          <P ALIGN="left">
            <LI>
              <FONT FACE="NanumGothicBold_Prezi" SIZE="24" COLOR="#333333" LETTERSPACING="0" KERNING="0">Objectivity</FONT>
            </LI>
          </P>
          <P ALIGN="left">
            <LI>
              <FONT FACE="NanumGothicBold_Prezi" SIZE="24" COLOR="#333333" LETTERSPACING="0" KERNING="0">Perst</FONT>
            </LI>
          </P>
        </htmlText>
      </textfield>
    </object>
    <object id="42" type="label" x="13618.75" y="-95181.05" r="-90.23865321268444" s="140.20620283082434" class="body">
      <textfield>
        <x>-166</x>
        <y>-57.1</y>
        <text><![CDATA[AllergroGraphNeo4jBigdata				FlockDB]]></text>
        <htmlText>
          <P ALIGN="left">
            <LI>
              <FONT FACE="NanumGothicBold_Prezi" SIZE="24" COLOR="#333333" LETTERSPACING="0" KERNING="0">AllergroGraph</FONT>
            </LI>
          </P>
          <P ALIGN="left">
            <LI>
              <FONT FACE="NanumGothicBold_Prezi" SIZE="24" COLOR="#333333" LETTERSPACING="0" KERNING="0">Neo4j</FONT>
            </LI>
          </P>
          <P ALIGN="left">
            <LI>
              <FONT FACE="NanumGothicBold_Prezi" SIZE="24" COLOR="#333333" LETTERSPACING="0" KERNING="0">Bigdata</FONT>
            </LI>
          </P>
          <P ALIGN="left">
            <LI>
              <FONT FACE="NanumGothicBold_Prezi" SIZE="24" COLOR="#333333" LETTERSPACING="0" KERNING="0">FlockDB</FONT>
            </LI>
          </P>
        </htmlText>
      </textfield>
    </object>
    <object id="43" type="label" x="71095.85" y="-43596.6" r="-33.32239962807978" s="140.20621156770434" class="body">
      <textfield>
        <x>-87.4</x>
        <y>-57.1</y>
        <text><![CDATA[U2OpenInsightOpenQMGlobals]]></text>
        <htmlText>
          <P ALIGN="left">
            <LI>
              <FONT FACE="NanumGothicBold_Prezi" SIZE="24" COLOR="#333333" LETTERSPACING="0" KERNING="0">U2</FONT>
            </LI>
          </P>
          <P ALIGN="left">
            <LI>
              <FONT FACE="NanumGothicBold_Prezi" SIZE="24" COLOR="#333333" LETTERSPACING="0" KERNING="0">OpenInsight</FONT>
            </LI>
          </P>
          <P ALIGN="left">
            <LI>
              <FONT FACE="NanumGothicBold_Prezi" SIZE="24" COLOR="#333333" LETTERSPACING="0" KERNING="0">OpenQM</FONT>
            </LI>
          </P>
          <P ALIGN="left">
            <LI>
              <FONT FACE="NanumGothicBold_Prezi" SIZE="24" COLOR="#333333" LETTERSPACING="0" KERNING="0">Globals</FONT>
            </LI>
          </P>
        </htmlText>
      </textfield>
    </object>
    <object id="45" type="image" x="43580.25" y="-133674.15" r="-90.23865320922476" s="92.67872144835768">
      <source w="225" h="225">
        download.jpeg
        <url>download.jpeg</url>
      </source>
    </object>
    <object id="47" type="button" x="23383.3" y="-109736.65" r="-90.01486190449435" s="515.9615652092162" class="invisible">
      <type>invisible</type>
      <size>
        <w>176</w>
        <h>140</h>
      </size>
    </object>
    <object id="48" type="button" x="104832.85" y="-50379.35" r="-33.27112600520518" s="515.1560716344644" class="invisible">
      <type>invisible</type>
      <size>
        <w>176</w>
        <h>140</h>
      </size>
    </object>
    <object id="49" type="button" x="95027.25" y="54824.75" r="40.355865104759275" s="514.3053319467865" class="invisible">
      <type>invisible</type>
      <size>
        <w>176</w>
        <h>140</h>
      </size>
    </object>
    <object id="50" type="button" x="-116517.25" y="-11981.5" r="-179.7246001006098" s="515.9672640862368" class="invisible">
      <type>invisible</type>
      <size>
        <w>176</w>
        <h>140</h>
      </size>
    </object>
    <object id="51" type="button" x="-88861.2" y="66142.4" r="130.59996426279017" s="513.4882531675406" class="invisible">
      <type>invisible</type>
      <size>
        <w>176</w>
        <h>140</h>
      </size>
    </object>
    <object id="52" type="button" x="7832.35" y="96146.1" r="90.50097916459478" s="515.9573451668509" class="invisible">
      <type>invisible</type>
      <size>
        <w>176</w>
        <h>140</h>
      </size>
    </object>
    <object id="54" type="image" x="-5570.6" y="69485.45" r="90.50440870061526" s="65.84261649410509">
      <source w="353" h="143">
        images.jpeg
        <url>images.jpeg</url>
      </source>
    </object>
    <object id="56" type="image" x="-139739.1" y="-31324.1" r="-179.64917065152693" s="166.33096842954356">
      <source w="195" h="75">
        xindice.gif
        <url>xindice.gif</url>
      </source>
    </object>
    <object id="58" type="image" x="-103383.3" y="-19770" r="-179.64917063767322" s="152.5889963413045">
      <source w="220" h="80">
        existdb.gif
        <url>existdb.gif</url>
      </source>
    </object>
    <object id="60" type="image" x="-75926.75" y="-117442.8" r="-138.354901069915" s="79.38324626265252">
      <source w="300" h="94">
        300x94_perst.jpg
        <url>300x94_perst.jpg</url>
      </source>
    </object>
    <object id="62" type="image" x="-103395.35" y="88517" r="130.51538673832525" s="75.81788266924137">
      <source w="300" h="300">
        azure.png
        <url>azure.png</url>
      </source>
    </object>
    <object id="64" type="image" x="-97165.8" y="44098.85" r="130.51538538532995" s="54.417720341453496">
      <source w="519" h="252">
        Oracle_BerkeleyDB_clr.jpg
        <url>Oracle_BerkeleyDB_clr.jpg</url>
      </source>
    </object>
    <object id="66" type="image" x="131829.55" y="-56745" r="-33.311715475764146" s="158.1434073550002">
      <source w="163" h="106">
        Screenshot2011-04-09at10.41.00AM.png
        <url>Screenshot2011-04-09at10.41.00AM.png</url>
      </source>
    </object>
    <object id="68" type="image" x="96720.55" y="-22849.65" r="-33.31171616477178" s="29.23516852651768">
      <source w="732" h="425">
        openQM.jpg
        <url>openQM.jpg</url>
      </source>
    </object>
    <object id="70" type="image" x="114275.75" y="-66587.05" r="-33.32239895472795" s="163.48644947055388">
      <source w="243" h="77">
        rs-u2-logo_color.jpg
        <url>rs-u2-logo_color.jpg</url>
      </source>
    </object>
    <object id="72" type="image" x="-144236.2" y="-4144.4" r="-179.6491706214902" s="296.42892730344767">
      <source w="64" h="64">
        120367_BaseX_Icon.png
        <url>120367_BaseX_Icon.png</url>
      </source>
    </object>
    <object id="74" type="image" x="47067.85" y="-94075.45" r="-90.23865321354369" s="160.6988427582674">
      <source w="232" h="61">
        neo4j_logo.png
        <url>neo4j_logo.png</url>
      </source>
    </object>
    <object id="76" type="image" x="17124.9" y="-131861.05" r="-90.23865321730256" s="97.24376349057464">
      <source w="462" h="84">
        AllegroGraph.gif
        <url>AllegroGraph.gif</url>
      </source>
    </object>
    <object id="88" type="button" x="403160.9" y="2944.2" r="0" s="515.9771728515625" class="roundrect">
      <type>roundrect</type>
      <size>
        <w>212</w>
        <h>148</h>
      </size>
    </object>
    <object id="77" type="label" x="382945.15" y="-25779.5" r="0.2990043857302331" s="216.16036836509886" class="strong">
      <textfield>
        <x>-116.45</x>
        <y>-15.75</y>
        <text><![CDATA[Relational Databases]]></text>
        <htmlText>
          <P ALIGN="LEFT">
            <FONT FACE="NanumGothicBold_Prezi" SIZE="24" COLOR="#0039AD" LETTERSPACING="0" KERNING="0">Relational Databases</FONT>
          </P>
        </htmlText>
      </textfield>
    </object>
    <object id="5" type="button" x="403166.15" y="4235.85" r="0" s="923.0982666015624" class="bracket">
      <type>bracket</type>
      <size>
        <w>196</w>
        <h>107</h>
      </size>
    </object>
    <object id="78" type="label" x="373769.9" y="-12603.05" r="0.2990066837077128" s="139.9762713092948" class="body">
      <textfield>
        <x>-135.45</x>
        <y>-57.1</y>
        <text><![CDATA[Microsoft SQL ServerSybaseOracle DBMySql]]></text>
        <htmlText>
          <P ALIGN="left">
            <LI>
              <FONT FACE="NanumGothicBold_Prezi" SIZE="24" COLOR="#333333" LETTERSPACING="0" KERNING="0">Microsoft SQL Server</FONT>
            </LI>
          </P>
          <P ALIGN="left">
            <LI>
              <FONT FACE="NanumGothicBold_Prezi" SIZE="24" COLOR="#333333" LETTERSPACING="0" KERNING="0">Sybase</FONT>
            </LI>
          </P>
          <P ALIGN="left">
            <LI>
              <FONT FACE="NanumGothicBold_Prezi" SIZE="24" COLOR="#333333" LETTERSPACING="0" KERNING="0">Oracle DB</FONT>
            </LI>
          </P>
          <P ALIGN="left">
            <LI>
              <FONT FACE="NanumGothicBold_Prezi" SIZE="24" COLOR="#333333" LETTERSPACING="0" KERNING="0">MySql</FONT>
            </LI>
          </P>
        </htmlText>
      </textfield>
    </object>
    <object id="82" type="image" x="434930.5" y="24425" r="0" s="68.20552062988281">
      <source w="425" h="283">
        mysql.gif
        <url>mysql.gif</url>
      </source>
    </object>
    <object id="84" type="image" x="385950.9" y="15672.6" r="0" s="52.81016540527344">
      <source w="466" h="383">
        icon_mssql.png
        <url>icon_mssql.png</url>
      </source>
    </object>
    <object id="86" type="image" x="425466.65" y="-6338" r="0" s="47.8958740234375">
      <source w="600" h="209">
        sybase_logo.jpg
        <url>sybase_logo.jpg</url>
      </source>
    </object>
    <object id="90" type="label" x="60948.5" y="339325.25" r="0" s="2048" class="head">
      <textfield>
        <x>-106.1</x>
        <y>-15.75</y>
        <text><![CDATA[Structured Storage]]></text>
        <htmlText>
          <P ALIGN="LEFT">
            <FONT FACE="NanumGothicBold_Prezi" SIZE="24" COLOR="#E50032" LETTERSPACING="0" KERNING="0">Structured Storage</FONT>
          </P>
        </htmlText>
      </textfield>
    </object>
    <object id="13" type="label" x="409518.65" y="52007.1" r="0" s="495.1885986328125" class="head">
      <textfield>
        <x>-23.75</x>
        <y>-15.75</y>
        <text><![CDATA[SQL]]></text>
        <htmlText>
          <P ALIGN="LEFT">
            <FONT FACE="NanumGothicBold_Prezi" SIZE="24" COLOR="#E50032" LETTERSPACING="0" KERNING="0">SQL</FONT>
          </P>
        </htmlText>
      </textfield>
    </object>
  </zui-table>
  <path>
    <o>1</o>
    <o>3</o>
    <o>2</o>
    <o>89</o>
    <o>5</o>
    <o>2</o>
    <o>49</o>
    <o>52</o>
    <o>51</o>
    <o>50</o>
    <o>46</o>
    <o>47</o>
    <o>48</o>
    <o>89</o>
  </path>
  <style type="text/css"><![CDATA[
@font-face
{
	src: url('NanumGothicBold_Prezi.swf');
	fontFamily: strong;
}

@font-face
{
	src: url('NanumGothicBold_Prezi.swf');
	fontFamily: head;
}

@font-face
{
	src: url('NanumGothicBold_Prezi.swf');
	fontFamily: body;
}

ZLabel.head
{
	fontFamily: head;
	color: #e50032;
}

ZLabel.strong
{
	fontFamily: strong;
	color: #0039ad;
}

ZLabel.body
{
	fontFamily: body;
	color: #333;
}

ZLabel
{
	padding: 1.2;
	lockTintAlpha: 0.5;
}

Grid
{
	color: #cef;
}

Background
{
	gradEnd: #fff;
	gradStart: #fff;
}

ZCurveLine
{
	thickness: 0;
	color: #00ace5;
	alpha: 1;
}

ZArrow
{
	borderThickness: 2;
	alpha: 0.9;
	thickness: 8;
	borderColor: #0039ad;
	lockTintAlpha: 0.7;
	color: #fff;
	borderAlpha: 1;
}

ZMarker
{
	thickness: 25;
	color: #e50032;
	alpha: 0.4;
}

ZFrame.circle
{
	gradEndColor: #00ace5;
	gradEndAlpha: 0.6;
	gradStartAlpha: 0.4;
	thickness: 6;
	lockTintAlpha: 0.6;
	gradStartColor: #cbf2ff;
}

ZFrame.bracket
{
	gradEndColor: #e50031;
	gradEndAlpha: 1;
	gradStartAlpha: 1;
	thickness: 10;
	lockTintAlpha: 0.6;
	gradStartColor: #ff2062;
}

ZFrame.roundrect
{
	borderThickness: 4;
	gradEndColor: #fff;
	radius: 30;
	gradEndAlpha: 0.05;
	borderColor: #288acc;
	lockTintAlpha: 0.5;
	gradStartAlpha: 0.1;
	borderAlpha: 0.2;
	gradStartColor: #000;
}

ZFrame.invisible
{
	gradEndColor: #00ace5;
	radius: 10;
	gradEndAlpha: 0.15;
	borderColor: #5aa7cb;
	gradStartAlpha: 0.02;
	borderAlpha: 0.3;
	gradStartColor: #00ace5;
}

ZVideo
{
	padding: 1.2;
}

ZPath
{
	color: #40abe6;
	alpha: 1;
	thickness: 3;
	textColor: #fff;
}

ZPath Ball.base
{
	fillColor: #40abe6;
	radius: 12;
	alpha: 1;
}

ZPath Ball.mid
{
	fillColor: #40abe6;
	radius: 8;
	alpha: .5;
}

]]></style>
  <hash>85f39f743e8aed23cdf033e5637f4f37</hash>
  <sync>
    <oid>UNKNOWN</oid>
    <hash>UNKNOWN</hash>
  </sync>
  <config>2yJkz912V9ZZVQAbC6UAs2XngBxWN8rOhg==</config>
</zuiprezi>